{
	"miniprogramRoot": "dist/",
	"projectname": "app",
	"description": "",
	"appid": "touristappid",
	"setting": {
		"urlCheck": true,
		"es6": false,
		"postcss": false,
		"minified": false
	},
	"compileType": "miniprogram",
	"simulatorType": "wechat",
	"simulatorPluginLibVersion": {},
	"condition": {
		"search": {
			"current": -1,
			"list": []
		},
		"conversation": {
			"current": -1,
			"list": []
		},
		"plugin": {
			"current": -1,
			"list": []
		},
		"game": {
			"list": []
		},
		"miniprogram": {
			"current": 1,
			"list": [
				{
					"id": -1,
					"name": "登陆",
					"pathName": "pages/login/index",
					"query": "",
					"scene": null
				},
				{
					"id": -1,
					"name": "购物车",
					"pathName": "pages/cart/index",
					"scene": null
				}
			]
		}
	}
}