{"tinyType":"alipay","tinyCnName":"支付宝","tinyProjectType":"alipay-mini","alipay:alipay-mini:tinyIcon":"https://gw.alipayobjects.com/zos/rmsportal/rcwFIauzePpMqlTzzanK.svg","alipay:alipay-mini:_appIdList":[{"appid":"2019081466212563","name":"名称释放00262721","logoUrl":"https://appstoreisvpic.alipayobjects.com/prod/eebdb2f7-2747-499e-9a22-2b89664d7739.png"}],"alipay:alipay-mini:uploadTime":"","alipay:alipay-mini:packageSize":0,"alipay:alipay-mini:preAuditLimit":10,"alipay:alipay-mini:preAuditUsed":0,"alipay:alipay-mini:auditLink":null,"alipay:alipay-mini:whiteListLink":null,"alipay:alipay-mini:_enableAutoPush":false,"isSimulatorOpen":true,"isNotFirstToggleSimulator":true,"compilerList":[{"title":"普通编译","query":"","page":""},{"title":"分类","page":"pages/kind/kind"}],"compilerIndex":1,"alipay:alipay-mini:_appId":"2019081466212563","alipay:alipay-mini:_appName":"名称释放00262721","alipay:alipay-mini:remoteVersion":"0.0.0","alipay:alipay-mini:currentVersion":"0.0.1","alipay:alipay-mini:whiteList":[],"alipay:alipay-mini:h5WhiteList":[],"alipay:alipay-mini:appLogo":"https://appstoreisvpic.alipayobjects.com/prod/eebdb2f7-2747-499e-9a22-2b89664d7739.png","storageVersion":"0.70.11"}