{"main-code_file:///c%3A/Users/Administrator/Desktop/code/week2/day05/aliapp/app.json":{"cursorState":[{"inSelectionMode":false,"selectionStart":{"lineNumber":11,"column":4},"position":{"lineNumber":11,"column":4}}],"viewState":{"scrollLeft":0,"firstPosition":{"lineNumber":1,"column":1},"firstPositionDeltaTop":0},"contributionsState":{"editor.contrib.wordHighlighter":false,"editor.contrib.folding":{"collapsedRegions":null,"lineCount":13,"provider":"indent"}}},"main-code_file:///c%3A/Users/Administrator/Desktop/code/week2/day05/aliapp/pages/home/home.js":{"cursorState":[{"inSelectionMode":false,"selectionStart":{"lineNumber":1,"column":1},"position":{"lineNumber":1,"column":1}}],"viewState":{"scrollLeft":0,"firstPosition":{"lineNumber":1,"column":1},"firstPositionDeltaTop":0},"contributionsState":{"editor.contrib.wordHighlighter":false,"editor.contrib.folding":{"collapsedRegions":null,"lineCount":5,"provider":"indent"}}},"main-code_file:///c%3A/Users/Administrator/Desktop/code/week2/day05/aliapp/pages/kind/kind.js":{"cursorState":[{"inSelectionMode":false,"selectionStart":{"lineNumber":1,"column":1},"position":{"lineNumber":1,"column":1}}],"viewState":{"scrollLeft":0,"firstPosition":{"lineNumber":1,"column":1},"firstPositionDeltaTop":0},"contributionsState":{"editor.contrib.wordHighlighter":false,"editor.contrib.folding":{"collapsedRegions":null,"lineCount":5,"provider":"indent"}}},"main-code_file:///c%3A/Users/Administrator/Desktop/code/week2/day05/aliapp/pages/cart/cart.js":{"cursorState":[{"inSelectionMode":false,"selectionStart":{"lineNumber":1,"column":1},"position":{"lineNumber":1,"column":1}}],"viewState":{"scrollLeft":0,"firstPosition":{"lineNumber":1,"column":1},"firstPositionDeltaTop":0},"contributionsState":{"editor.contrib.wordHighlighter":false,"editor.contrib.folding":{"collapsedRegions":null,"lineCount":5,"provider":"indent"}}},"main-code_file:///c%3A/Users/Administrator/Desktop/code/week2/day05/aliapp/pages/user/user.js":{"cursorState":[{"inSelectionMode":false,"selectionStart":{"lineNumber":1,"column":1},"position":{"lineNumber":1,"column":1}}],"viewState":{"scrollLeft":0,"firstPosition":{"lineNumber":1,"column":1},"firstPositionDeltaTop":0},"contributionsState":{"editor.contrib.wordHighlighter":false,"editor.contrib.folding":{"collapsedRegions":null,"lineCount":5,"provider":"indent"}}},"main-code_file:///c%3A/Users/Administrator/Desktop/code/week2/day05/aliapp/pages/kind/kind.axml":{"cursorState":[{"inSelectionMode":true,"selectionStart":{"lineNumber":3,"column":2},"position":{"lineNumber":3,"column":6}}],"viewState":{"scrollLeft":0,"firstPosition":{"lineNumber":1,"column":1},"firstPositionDeltaTop":0},"contributionsState":{"editor.contrib.wordHighlighter":false,"editor.contrib.folding":{"collapsedRegions":null,"lineCount":3,"provider":"indent"}}},"storageVersion":"0.70.11"}